CHAVE DE ACESSO;MODELO;SêRIE;NÈMERO;NATUREZA DA OPERAÄ«O;DATA EMISS«O;EVENTO MAIS RECENTE;DATA/HORA ;CPF/CNPJ Emitente;RAZ«O SOCIAL EMITENTE;INSCRIÄ«O ESTADUAL EMITENTE;UF EMITENTE;MUNICIçPIO EMITENTE;CNPJ DESTINATµRIO;NOME DESTINATµÅRIO;UF DESTINATµRIO;INDICADOR IE DESTINATµRIO;DESTINO DA OPERAÄ«O;CONSUMIDOR FINAL;PRESEN«ÄA DO COMPRADOR; VALOR NOTA FISCAL 
41240106267630001509550010035101291224888487;55 - NF-E EMITIDA EM SUBSTITUI«?«üO AO MODELO 1 OU 1A;1;3510129;Outras Entradas - Dev Remessa Escola;18/01/2024 07:10;AUTORIZAÄ«O DE USO;18/01/2024 07:10;6267630001509;COMPANHIA BRASILEIRA DE EDUC. E SIST. DE ENS. S.A - PR OP;9085104702;PR;CURITIBA;394429021965;COMANDO DA AERONAUTICA;PA;CONTRIBUINTE ISENTO;2 - OPERAÄ«O INTERESTADUAL;1 - CONSUMIDOR FINAL;9 - OPERAÄ«O N«O PRESENCIAL, OUTROS; 522.5 
50240129843878000170550010000025251000181553;55 - NF-E EMITIDA EM SUBSTITUI«?«üO AO MODELO 1 OU 1A;1;2525;VENDA DE MERCADORIA FORA DO ESTADO;26/01/2024 11:24;AUTORIZAÄ«O DE USO;26/01/2024 11:24;29843878000170;V CALDI PEREIRA PECAS E SERVICOS DIESEL;284290777;MS;COXIM;9615848000108;4 BATALHAO LOGISTICO;RS;N«üO CONTRIBUINTE;2 - OPERAÄ«O INTERESTADUAL;1 - CONSUMIDOR FINAL;1 - OPERAÄ«O PRESENCIAL; 499.0 
50240112977901000117550010000051831659469117;55 - NF-E EMITIDA EM SUBSTITUI«?«üO AO MODELO 1 OU 1A;1;5183;Venda de mercadorias;22/01/2024 11:01;AUTORIZAÄ«O DE USO;22/01/2024 10:01;12977901000117;MOSKO LTDA EPP;284058734;MS;CAMPO GRANDE;15461510000133;FUNDACAO UNIVERSIDADE FEDERAL DE MS;MS;N«üO CONTRIBUINTE;1 - OPERAÄ«O INTERNA;1 - CONSUMIDOR FINAL;0 - N«O SE APLICA; 337.5 
35240161186490000157551000000170551435015613;55 - NF-E EMITIDA EM SUBSTITUI«?«üO AO MODELO 1 OU 1A;100;17055;REMESSA - ENTREGA FUTURA;30/01/2024 16:15;AUTORIZAÄ«O DE USO;30/01/2024 16:15;61186490000157;EDITORA FTD S.A.;104639530113;SP;SAO PAULO;378257000181;FUNDO NACIONAL DE DESENVOLVIMENTO DA EDUCACAO;DF;N«üO CONTRIBUINTE;2 - OPERAÄ«O INTERESTADUAL;1 - CONSUMIDOR FINAL;9 - OPERAÄ«O N«O PRESENCIAL, OUTROS; 6712.16 
35240134028316923228550010003691801935917886;55 - NF-E EMITIDA EM SUBSTITUI«?«üO AO MODELO 1 OU 1A;1;369180;RETORNO DE MATERIAL DEPOSITADO EM ARMAZEM GERAL;26/01/2024 08:08;AUTORIZAÄ«O DE USO;26/01/2024 08:26;34028316923228;EMPRES BRASILEIRA DE CORREIOS E TELEGRAFOS;112388853119;SP;CAJAMAR;378257000181;FUNDO NACIONAL DE DESENVOLVIMENTO DA EDUCACAO;DF;N«üO CONTRIBUINTE;2 - OPERAÄ«O INTERESTADUAL;1 - CONSUMIDOR FINAL;0 - N«O SE APLICA; 274.56 
33240101968236000189550020000000931000002482;55 - NF-E EMITIDA EM SUBSTITUI«?«üO AO MODELO 1 OU 1A;2;93;Venda mercantil para o Estado;19/01/2024 09:15;AUTORIZAÄ«O DE USO;19/01/2024 09:18;1968236000189;MENMAR COMERCIO DE ALIMENTOS LTDA;86146185;RJ;SAO GONCALO;394502019163;CENTRO DE INST. ALMIRANTE ALEXANDRINO;RJ;N«üO CONTRIBUINTE;1 - OPERAÄ«O INTERNA;0 - NORMAL;1 - OPERAÄ«O PRESENCIAL; 642.5 
33240111074537000112550010000170261252024011;55 - NF-E EMITIDA EM SUBSTITUI«?«üO AO MODELO 1 OU 1A;1;17026;Venda de mercadoria adquirida ou recebida de terceiros;26/01/2024 10:48;AUTORIZAÄ«O DE USO;26/01/2024 10:48;11074537000112;NUTRI ALIMENTOS DE NILOPOLIS COMERCIO ATACADISTA LTDA;78909242;RJ;NILOPOLIS;394502007823;COMANDO DA MARINHA;RJ;CONTRIBUINTE ISENTO;1 - OPERAÄ«O INTERNA;1 - CONSUMIDOR FINAL;2 - OPERACAÄ«O N«O PRESENCIAL, PELA INTERNET; 509.49 
42240142933602000141550010000003421234157448;55 - NF-E EMITIDA EM SUBSTITUI«?«üO AO MODELO 1 OU 1A;1;342;Venda Fora do Estado;21/01/2024 21:32;AUTORIZAÄ«O DE USO;21/01/2024 21:32;42933602000141;ZENITE COMERCIO E SUPRIMENTOS DE INFORMATICA LTDA;261222082;SC;SANTO AMARO DA IMPERATRIZ;10673078000120;INSTITUTO FEDERAL DE EDUCACAO, CIENCIA E TECNOLOGIA- IFMS;MS;N«üO CONTRIBUINTE;2 - OPERAÄ«O INTERESTADUAL;1 - CONSUMIDOR FINAL;2 - OPERACAÄ«O N«O PRESENCIAL, PELA INTERNET; 752.4 
42240111142525000188550010000029281367881645;55 - NF-E EMITIDA EM SUBSTITUI«?«üO AO MODELO 1 OU 1A;1;2928;Venda de mercadoria;16/01/2024 16:36;AUTORIZAÄ«O DE USO;16/01/2024 16:35;11142525000188;CLEBER NASCIMENTO DA ROSA EPP;260696803;SC;PASSO DE TORRES;394429005927;COMANDO DA AERONAUTICA;DF;N«üO CONTRIBUINTE;2 - OPERAÄ«O INTERESTADUAL;0 - NORMAL;2 - OPERACAÄ«O N«O PRESENCIAL, PELA INTERNET; 1826.68 
53240121793208000185550010000041621085505452;55 - NF-E EMITIDA EM SUBSTITUI«?«üO AO MODELO 1 OU 1A;1;4162;VENDA DE MERCADORIA;16/01/2024 15:08;AUTORIZAÄ«O DE USO;16/01/2024 15:10;21793208000185;DF MAQUINAS E FERRAMENTAS LTDA;771188900164;DF;BRASILIA;394544004504;MINISTERIO DA SAUDE;MT;N«üO CONTRIBUINTE;2 - OPERAÄ«O INTERESTADUAL;1 - CONSUMIDOR FINAL;1 - OPERAÄ«O PRESENCIAL; 3426.0 
43240110591513000178550010001589901593435130;55 - NF-E EMITIDA EM SUBSTITUI«?«üO AO MODELO 1 OU 1A;1;158990;SIMPLES REMESSA;17/01/2024 12:13;AUTORIZAÄ«O DE USO;17/01/2024 12:18;10591513000178;OSTHEON COM.IMPORT.E EXPORT.DE PROD.HOSP.LTDA;963289721;RS;PORTO ALEGRE;10360293000252;HOSPITAL MILITAR DE AREA DE PORTO ALEGRE;RS;N«üO CONTRIBUINTE;1 - OPERAÄ«O INTERNA;1 - CONSUMIDOR FINAL;1 - OPERAÄ«O PRESENCIAL; 8875.0 
35240114477127000100550010000119341682014103;55 - NF-E EMITIDA EM SUBSTITUI«?«üO AO MODELO 1 OU 1A;1;11934;6.108 VENDA MERC. ADQ. TERCEIROS;24/01/2024 10:43;AUTORIZAÄ«O DE USO;24/01/2024 10:43;14477127000100;LAIBO MEDICAL PRODUTOS MEDICOS E HOSPITALARES LTDA;633408342110;SP;SANTOS;394544020291;MINISTERIO DA SAUDE -HOSP. FED BONS;RJ;N«üO CONTRIBUINTE;2 - OPERAÄ«O INTERESTADUAL;1 - CONSUMIDOR FINAL;9 - OPERAÄ«O N«O PRESENCIAL, OUTROS; 1416.0 
29240105788360000113550010000367511001003700;55 - NF-E EMITIDA EM SUBSTITUI«?«üO AO MODELO 1 OU 1A;1;36751;VENDAS DE MERC ADQUI EOU REC DE TERCEIR;15/01/2024 10:22;AUTORIZAÄ«O DE USO;15/01/2024 10:28;5788360000113;BAHIA CESTAS LTDA;103456380;BA;SALVADOR;394429001425;BASE A«?REA DE SALVADOR;BA;N«üO CONTRIBUINTE;1 - OPERAÄ«O INTERNA;1 - CONSUMIDOR FINAL;1 - OPERAÄ«O PRESENCIAL; 475.9 
35240103549807000176550010001603701247148068;55 - NF-E EMITIDA EM SUBSTITUI«?«üO AO MODELO 1 OU 1A;1;160370;Retorno de mercadoria ou bem recebido para conserto ou repar;24/01/2024 13:04;AUTORIZAÄ«O DE USO;29/01/2024 08:52;3549807000176;PADTEC S/A;244661040111;SP;CAMPINAS;10207029000100;COMANDO DO COMANDO MILITAR DA AMAZONIA;AM;CONTRIBUINTE ISENTO;2 - OPERAÄ«O INTERESTADUAL;1 - CONSUMIDOR FINAL;9 - OPERAÄ«O N«O PRESENCIAL, OUTROS; 29461.38 
43240121783698000139550000000050201758542890;55 - NF-E EMITIDA EM SUBSTITUI«?«üO AO MODELO 1 OU 1A;0;5020;Venda de Mercadoria Mesma UF;26/01/2024 12:58;AUTORIZAÄ«O DE USO;26/01/2024 12:59;21783698000139;VISAO DISTRIBUIDORA DE MEDICAMENTOS LTDA;963630202;RS;PORTO ALEGRE;9563296000204;GRUPO DE ARTILHARIA DE CAMPANHA;RS;N«üO CONTRIBUINTE;1 - OPERAÄ«O INTERNA;1 - CONSUMIDOR FINAL;9 - OPERAÄ«O N«O PRESENCIAL, OUTROS; 116.0 
25240108761132000148558929001803761379847297;55 - NF-E EMITIDA EM SUBSTITUI«?«üO AO MODELO 1 OU 1A;892;900180376;VENDA;05/01/2024 15:51;AUTORIZAÄ«O DE USO;05/01/2024 15:51;***.165.104-**;JOSEFA DE SOUZA ABREU;-00001;PB;SAO JOAO DO RIO DO PEIXE;5526783000408;MINISTERIO DO DESENVOLVIMENTO SOCIAL, FAMILIA E COMBATE A FO;DF;N«üO CONTRIBUINTE;2 - OPERAÄ«O INTERESTADUAL;1 - CONSUMIDOR FINAL;0 - N«O SE APLICA; 362.94 
24240121172344000158550010000226611518005129;55 - NF-E EMITIDA EM SUBSTITUI«?«üO AO MODELO 1 OU 1A;1;22661;5102 Venda Interna Normal;15/01/2024 00:00;AUTORIZAÄ«O DE USO;15/01/2024 06:18;21172344000158;J NUNES DISTRIBUIDORA DE ALIMENTOS EIRELI;204169810;RN;NATAL;24365710000183;UNIVERSIDADE FEDERAL DO RIO GRANDE NORTE;RN;N«üO CONTRIBUINTE;1 - OPERAÄ«O INTERNA;1 - CONSUMIDOR FINAL;0 - N«O SE APLICA; 71.2 
21240103526252000147558902430084471957013301;55 - NF-E EMITIDA EM SUBSTITUI«?«üO AO MODELO 1 OU 1A;890;243008447;DA DE PRODUCAO DO ESTABELECIMENTO;19/01/2024 10:40;AUTORIZAÄ«O DE USO;19/01/2024 09:39;***.858.493-**;JUAREZ SILVA CABRAL;-00001;MA;SAO LUIS;5526783000165;MINISTERIO DO DESENVOLVIMENTO E ASSISTENCIA SOCIAL, FAMILIA;AM;N«üO CONTRIBUINTE;2 - OPERAÄ«O INTERESTADUAL;1 - CONSUMIDOR FINAL;0 - N«O SE APLICA; 832.97 
31240136933736000160550010000009641036036868;55 - NF-E EMITIDA EM SUBSTITUI«?«üO AO MODELO 1 OU 1A;1;964;Venda de mercadoria adquirida ou recebida de terceiros;27/01/2024 11:38;AUTORIZAÄ«O DE USO;27/01/2024 11:59;36933736000160;N&C COMERCIO E DISTRIBUICAO DE DESCARTAVEIS LTDA;39446830095;MG;SAO JOSE DA LAPA;10727655000209;IFMG/SALINAS MG - INSTITUTO FEDERAL DO NORTE DE MG;MG;CONTRIBUINTE ICMS;1 - OPERAÄ«O INTERNA;1 - CONSUMIDOR FINAL;0 - N«O SE APLICA; 937.5 
13240181243735001977550110003126831434389385;55 - NF-E EMITIDA EM SUBSTITUI«?«üO AO MODELO 1 OU 1A;11;312683;Venda produ«ı«úo estab.destinada a n«úo contribuinte / Venda;16/01/2024 14:48;AUTORIZAÄ«O DE USO;16/01/2024 14:48;81243735001977;POSITIVO TECNOLOGIA S/A;62005901;AM;MANAUS;7777800000162;UNIVERSIDADE FEDERAL DO RECONCAVO DA BAHIA;BA;CONTRIBUINTE ISENTO;2 - OPERAÄ«O INTERESTADUAL;1 - CONSUMIDOR FINAL;0 - N«O SE APLICA; 3557.0 
51240107418552000163550070000298281013317735;55 - NF-E EMITIDA EM SUBSTITUI«?«üO AO MODELO 1 OU 1A;7;29828;VENDA;08/01/2024 12:41;AUTORIZAÄ«O DE USO;08/01/2024 11:37;7418552000163;TIGRAO AUTO POSTO EIRELI;133116166;MT;CAMPINAPOLIS;394544005063;MINISTERIO DA SAUDE;MT;N«üO CONTRIBUINTE;1 - OPERAÄ«O INTERNA;1 - CONSUMIDOR FINAL;1 - OPERAÄ«O PRESENCIAL; 359.01 
52240119442190000125550010000002051000008053;55 - NF-E EMITIDA EM SUBSTITUI«?«üO AO MODELO 1 OU 1A;1;205;VENDA DE MERCADORIAS REC. DE TERCEIROS;26/01/2024 07:09;AUTORIZAÄ«O DE USO;26/01/2024 08:09;19442190000125;AURAMEDI FARMACEUTICA LTDA;106610333;GO;APARECIDA DE GOIANIA;394544000851;MINISTERIO DA SAUDE;RS;N«üO CONTRIBUINTE;2 - OPERAÄ«O INTERESTADUAL;1 - CONSUMIDOR FINAL;1 - OPERAÄ«O PRESENCIAL; 26881.2 
43240115641333000177550010000138951880800008;55 - NF-E EMITIDA EM SUBSTITUI«?«üO AO MODELO 1 OU 1A;1;13895;Venda;08/01/2024 10:34;AUTORIZAÄ«O DE USO;08/01/2024 10:36;15641333000177;SERCIMAQ VENDA E ASSISTENCIA TECNICA DE MAQUINAS E MOTORES L;1090369961;RS;SANTA MARIA;9575381000292;BASE ADMINISTRATIVA DA GUARNICAO DE SANTA MARIA;RS;N«üO CONTRIBUINTE;1 - OPERAÄ«O INTERNA;1 - CONSUMIDOR FINAL;1 - OPERAÄ«O PRESENCIAL; 20.0 
26240144232997000180550010000001061604736206;55 - NF-E EMITIDA EM SUBSTITUI«?«üO AO MODELO 1 OU 1A;1;106;5102/5405/5933/ VENDA MERC. DENT. ESTADO;15/01/2024 09:42;AUTORIZAÄ«O DE USO;15/01/2024 09:42;44232997000180;JF CENTRO AUTOMOTIVO LTDA;100416993;PE;PETROLINA;10830301000449;INSTITUTO FEDERAL DO SERTAO PERNAMBUCANO / CAMPUS FLORESTA;PE;CONTRIBUINTE ISENTO;1 - OPERAÄ«O INTERNA;1 - CONSUMIDOR FINAL;1 - OPERAÄ«O PRESENCIAL; 207.25 
24240121172344000158550010000225941518005124;55 - NF-E EMITIDA EM SUBSTITUI«?«üO AO MODELO 1 OU 1A;1;22594;5102 Venda Interna Normal;09/01/2024 00:00;AUTORIZAÄ«O DE USO;09/01/2024 05:44;21172344000158;J NUNES DISTRIBUIDORA DE ALIMENTOS EIRELI;204169810;RN;NATAL;394502039784;COMANDO DA MARINHA;RN;N«üO CONTRIBUINTE;1 - OPERAÄ«O INTERNA;1 - CONSUMIDOR FINAL;0 - N«O SE APLICA; 370.8 
21240100321961000106550010000027711281724627;55 - NF-E EMITIDA EM SUBSTITUI«?«üO AO MODELO 1 OU 1A;1;2771;Venda;26/01/2024 10:23;AUTORIZAÄ«O DE USO;26/01/2024 10:33;321961000106;M SOUSA LIMA;121397777;MA;IMPERATRIZ;10735145000518;INSTITUTO FEDERAL DE EDUCACAO CIENCIA E TECNOLOGIA DO MARANH;MA;N«üO CONTRIBUINTE;1 - OPERAÄ«O INTERNA;1 - CONSUMIDOR FINAL;9 - OPERAÄ«O N«O PRESENCIAL, OUTROS; 338.0 
35240134028316923228550010003680821895807710;55 - NF-E EMITIDA EM SUBSTITUI«?«üO AO MODELO 1 OU 1A;1;368082;RETORNO DE MATERIAL DEPOSITADO EM ARMAZEM GERAL;18/01/2024 11:51;AUTORIZAÄ«O DE USO;18/01/2024 11:57;34028316923228;EMPRES BRASILEIRA DE CORREIOS E TELEGRAFOS;112388853119;SP;CAJAMAR;378257000181;FUNDO NACIONAL DE DESENVOLVIMENTO DA EDUCACAO;DF;N«üO CONTRIBUINTE;2 - OPERAÄ«O INTERESTADUAL;1 - CONSUMIDOR FINAL;0 - N«O SE APLICA; 274.56 
23240114124286000121550010000214351719667666;55 - NF-E EMITIDA EM SUBSTITUI«?«üO AO MODELO 1 OU 1A;1;21435;VENDA DE MERCADORIA ADQUIRIDA OU RECEBIDA DE TERCEIROS EM OP;05/01/2024 16:03;AUTORIZAÄ«O DE USO;05/01/2024 16:03;14124286000121;MAVI CONSTRUCOES - LTDA;65721551;CE;FORTALEZA;394502011693;ESCOLA DE APRENDIZES MARINHEIROS DO CEARA;CE;N«üO CONTRIBUINTE;1 - OPERAÄ«O INTERNA;1 - CONSUMIDOR FINAL;1 - OPERAÄ«O PRESENCIAL; 293.86 
35240107689002001070550040009651251068643412;55 - NF-E EMITIDA EM SUBSTITUI«?«üO AO MODELO 1 OU 1A;4;965125;Outra saida merc. prest. serv. nao especificado;30/01/2024 08:24;AUTORIZAÄ«O DE USO;30/01/2024 08:25;7689002001070;EMBRAER S.A.;688619823116;SP;TAUBATE;394429008004;BASE A«?REA DE AN«ÅPOLIS - BAAN;GO;N«üO CONTRIBUINTE;2 - OPERAÄ«O INTERESTADUAL;1 - CONSUMIDOR FINAL;9 - OPERAÄ«O N«O PRESENCIAL, OUTROS; 16577.25 
11240105082751000118550030000028071961141439;55 - NF-E EMITIDA EM SUBSTITUI«?«üO AO MODELO 1 OU 1A;3;2807;VENDA MERCADORIA ADQUIRIDA/RECEBIDA DE TERCEIROS;30/01/2024 09:56;AUTORIZAÄ«O DE USO;30/01/2024 09:16;5082751000118;DELICIA DO NORTE COMERCIO, SERVICOS E REPRESENTACAO DE PRODU;3734901;RO;PORTO VELHO;394429019200;COMANDO DA AERONAUTICA.;RO;N«üO CONTRIBUINTE;1 - OPERAÄ«O INTERNA;0 - NORMAL;1 - OPERAÄ«O PRESENCIAL; 239.2 
33240142498675000152558900084252611221488139;55 - NF-E EMITIDA EM SUBSTITUI«?«üO AO MODELO 1 OU 1A;890;8425261;Venda de mercadoria adquirida ou recebida de terceiros;04/01/2024 11:31;AUTORIZAÄ«O DE USO;04/01/2024 11:39;50500312000132;50.500.312 LEANDRO PIMENTEL CORREA DE SA;13007411;RJ;RIO DE JANEIRO;33781055004980;INSTITUTO DE TECNOLOGIA EM F«ÅRMACOS;RJ;CONTRIBUINTE ICMS;1 - OPERAÄ«O INTERNA;1 - CONSUMIDOR FINAL;1 - OPERAÄ«O PRESENCIAL; 600.0 
31240119400787000107550020001382881596542602;55 - NF-E EMITIDA EM SUBSTITUI«?«üO AO MODELO 1 OU 1A;2;138288;BONIFICACAO / DOACAO/BRINDE;29/01/2024 18:30;AUTORIZAÄ«O DE USO;29/01/2024 18:30;19400787000107;QUIBASA QUIMICA BASICA LTDA;622059920069;MG;BELO HORIZONTE;25944455000196;UNIVERSIDADE FEDERAL DE VICOSA;MG;N«üO CONTRIBUINTE;1 - OPERAÄ«O INTERNA;1 - CONSUMIDOR FINAL;0 - N«O SE APLICA; 198.6 
15240105054903000179558900026000941813445058;55 - NF-E EMITIDA EM SUBSTITUI«?«üO AO MODELO 1 OU 1A;890;2600094;S;23/01/2024 14:39;AUTORIZAÄ«O DE USO;23/01/2024 15:21;***.152.402-**;ANTONIO DE PAIVA COSTA;-00001;PA;OBIDOS;5526783000408;MINISTERIO DO DESENVOLVIMENTO SOCIAL, FAMILIA E COMBATE A FO;DF;N«üO CONTRIBUINTE;2 - OPERAÄ«O INTERESTADUAL;1 - CONSUMIDOR FINAL;0 - N«O SE APLICA; 2286.39 
35240134028316923228550010003682871190911646;55 - NF-E EMITIDA EM SUBSTITUI«?«üO AO MODELO 1 OU 1A;1;368287;RETORNO DE MATERIAL DEPOSITADO EM ARMAZEM GERAL;22/01/2024 16:08;AUTORIZAÄ«O DE USO;22/01/2024 16:26;34028316923228;EMPRES BRASILEIRA DE CORREIOS E TELEGRAFOS;112388853119;SP;CAJAMAR;378257000181;FUNDO NACIONAL DE DESENVOLVIMENTO DA EDUCACAO;DF;N«üO CONTRIBUINTE;2 - OPERAÄ«O INTERESTADUAL;1 - CONSUMIDOR FINAL;0 - N«O SE APLICA; 274.56 
35240113158576000123550010000007151038000006;55 - NF-E EMITIDA EM SUBSTITUI«?«üO AO MODELO 1 OU 1A;1;715;Venda de mercadoria;12/01/2024 13:42;AUTORIZAÄ«O DE USO;12/01/2024 13:56;13158576000123;F C NICOLAU EQUIPAMENTOS PARA LABORAT«?RIO LTDA.;206868421110;SP;BARUERI;396895006247;MINISTERIO DA AGRICULTURA, PECUARIA E ABASTECIMENTO;MG;N«üO CONTRIBUINTE;2 - OPERAÄ«O INTERESTADUAL;1 - CONSUMIDOR FINAL;0 - N«O SE APLICA; 43499.99 
35240134028316923228550010003691091625593939;55 - NF-E EMITIDA EM SUBSTITUI«?«üO AO MODELO 1 OU 1A;1;369109;RETORNO DE MATERIAL DEPOSITADO EM ARMAZEM GERAL;25/01/2024 17:38;AUTORIZAÄ«O DE USO;25/01/2024 18:56;34028316923228;EMPRES BRASILEIRA DE CORREIOS E TELEGRAFOS;112388853119;SP;CAJAMAR;378257000181;FUNDO NACIONAL DE DESENVOLVIMENTO DA EDUCACAO;DF;N«üO CONTRIBUINTE;2 - OPERAÄ«O INTERESTADUAL;1 - CONSUMIDOR FINAL;0 - N«O SE APLICA; 274.56 
33240131343734000105550010000052751051465399;55 - NF-E EMITIDA EM SUBSTITUI«?«üO AO MODELO 1 OU 1A;1;5275;VENDA DE PRODUCAO DO ESTABELECIMENTO;26/01/2024 15:47;AUTORIZAÄ«O DE USO;26/01/2024 15:46;31343734000105;CORPO ASTRAL COMERCIAL E INDUSTRIAL LTDA;83274956;RJ;RIO DE JANEIRO;394544020100;MINISTERIO DA SAUDE - HOSPITAL FEDERAL DO ANDARAI;RJ;N«üO CONTRIBUINTE;1 - OPERAÄ«O INTERNA;1 - CONSUMIDOR FINAL;2 - OPERACAÄ«O N«O PRESENCIAL, PELA INTERNET; 1840.0 
25240108761132000148558929001845831104091314;55 - NF-E EMITIDA EM SUBSTITUI«?«üO AO MODELO 1 OU 1A;892;900184583;VENDA;18/01/2024 12:59;AUTORIZAÄ«O DE USO;18/01/2024 12:59;***.892.434-**;ALEXSANDRO BARBOSA LAURENTINO;-00001;PB;MARI;5526783000408;MINISTERIO DO DESENVOLVIMENTO SOCIAL, FAMILIA E COMBATE A FO;DF;N«üO CONTRIBUINTE;2 - OPERAÄ«O INTERESTADUAL;1 - CONSUMIDOR FINAL;0 - N«O SE APLICA; 1955.0 
42240107200582000107550010000036381500353278;55 - NF-E EMITIDA EM SUBSTITUI«?«üO AO MODELO 1 OU 1A;1;3638;Venda de mercadoria adquirida ou recebida de terceiros, ou q;26/01/2024 08:29;AUTORIZAÄ«O DE USO;26/01/2024 08:35;7200582000107;L G COMERCIAL DE MAQUINAS AGRICOLAS LTDA;254915477;SC;CHAPECO;8829974000275;INSTITUTO CHICO MENDES DE CONSERVACAO DA BIODIVERSIDADE;DF;N«üO CONTRIBUINTE;2 - OPERAÄ«O INTERESTADUAL;0 - NORMAL;0 - N«O SE APLICA; 6643.48 
33240134164319000506550020007285111404046887;55 - NF-E EMITIDA EM SUBSTITUI«?«üO AO MODELO 1 OU 1A;2;728511;OUTRAS SAIDAS;17/01/2024 09:23;AUTORIZAÄ«O DE USO;17/01/2024 10:05;34164319000506;CASA DA MOEDA DO BRASIL;82346988;RJ;RIO DE JANEIRO;394494003585;MINISTERIO DA JUSTICA E SEGURANCA PUBLICA;RJ;N«üO CONTRIBUINTE;1 - OPERAÄ«O INTERNA;1 - CONSUMIDOR FINAL;0 - N«O SE APLICA; 13033.16 
33240131673254000102550000009419131947020033;55 - NF-E EMITIDA EM SUBSTITUI«?«üO AO MODELO 1 OU 1A;0;941913;Outras Entradas;16/01/2024 08:47;AUTORIZAÄ«O DE USO;16/01/2024 08:47;31673254000102;LABORATORIOS B.BRAUN S.A;80103077;RJ;SAO GONCALO;94877586000382;UNIVERSIDADE FEDERAL DO RIO GRANDE - FURG;RS;N«üO CONTRIBUINTE;2 - OPERAÄ«O INTERESTADUAL;1 - CONSUMIDOR FINAL;9 - OPERAÄ«O N«O PRESENCIAL, OUTROS; 726081.6 
52240134274233010248550000000095681192430548;55 - NF-E EMITIDA EM SUBSTITUI«?«üO AO MODELO 1 OU 1A;0;9568;Vda Cmb/Lub.cons/usu.final estab.outra UF;15/01/2024 16:01;AUTORIZAÄ«O DE USO;15/01/2024 16:01;34274233010248;VIBRA ENERGIA S.A;100235549;GO;ANAPOLIS;394429000100;COMANDO DA AERONAUTICA;DF;N«üO CONTRIBUINTE;1 - OPERAÄ«O INTERNA;1 - CONSUMIDOR FINAL;1 - OPERAÄ«O PRESENCIAL; 11758.92 
23240106628333000146550000003193591965191880;55 - NF-E EMITIDA EM SUBSTITUI«?«üO AO MODELO 1 OU 1A;0;319359;VENDA DE PRODUCAO DO ESTABELECIMENTO, DESTINADA A NAO CONTRI;16/01/2024 10:49;AUTORIZAÄ«O DE USO;16/01/2024 11:05;6628333000146;FARMACE - INDUSTRIA QUIMICO FARMACEUTICA CEARENSE LTDA;68480075;CE;BARBALHA;394544021182;HOSPITAL SERVIDORES DO ESTADO RJ;RJ;N«üO CONTRIBUINTE;2 - OPERAÄ«O INTERESTADUAL;1 - CONSUMIDOR FINAL;9 - OPERAÄ«O N«O PRESENCIAL, OUTROS; 56100.0 
13240132969749000138550010000025911980503676;55 - NF-E EMITIDA EM SUBSTITUI«?«üO AO MODELO 1 OU 1A;1;2591;Venda de mercadoria;22/01/2024 00:22;AUTORIZAÄ«O DE USO;22/01/2024 00:22;32969749000138;R G XAVIER GUIMARAES LTDA;54080185;AM;MANAUS;9580252000101;CENTRO DE EMBARCACOES DO COMANDO MILITAR DA AMAZONIA;AM;N«üO CONTRIBUINTE;1 - OPERAÄ«O INTERNA;1 - CONSUMIDOR FINAL;9 - OPERAÄ«O N«O PRESENCIAL, OUTROS; 3682.9 
26240100323090000151550010000778311445412925;55 - NF-E EMITIDA EM SUBSTITUI«?«üO AO MODELO 1 OU 1A;1;77831;REMES MAT PREST SERV;12/01/2024 12:03;AUTORIZAÄ«O DE USO;16/01/2024 15:25;323090000151;SOLL -SERVICOS OBRAS E LOCACOES LTDA;23874090;PE;OLINDA;394544004172;MINISTERIO DA SAUDE DISTRITO SANITARIO ESPECIAL INDIGENA PE;PE;N«üO CONTRIBUINTE;1 - OPERAÄ«O INTERNA;1 - CONSUMIDOR FINAL;9 - OPERAÄ«O N«O PRESENCIAL, OUTROS; 586.3 
43240112889035000102550010003280411514625164;55 - NF-E EMITIDA EM SUBSTITUI«?«üO AO MODELO 1 OU 1A;1;328041;VENDA DE MERCADORIA ADQ OU RECEB DE TERC, DEST A NAO CONTRIB;16/01/2024 09:22;AUTORIZAÄ«O DE USO;16/01/2024 09:22;12889035000102;INOVAMED HOSPITALAR LTDA;390157570;RS;ERECHIM;394544004172;MINISTERIO DA SAUDE DISTRITO SANITARIO ESPECIAL INDIGENA PE;PE;N«üO CONTRIBUINTE;2 - OPERAÄ«O INTERESTADUAL;1 - CONSUMIDOR FINAL;9 - OPERAÄ«O N«O PRESENCIAL, OUTROS; 2743.2 
35240103508097000217550010000052651072024018;55 - NF-E EMITIDA EM SUBSTITUI«?«üO AO MODELO 1 OU 1A;1;5265;OUTRAS REMESSAS DE BEM DO ATIVO;08/01/2024 12:23;AUTORIZAÄ«O DE USO;08/01/2024 12:23;3508097000217;REDE NACIONAL DE ENSINO E PESQUISA - RNP;795438273115;SP;CAMPINAS;10727655000543;INSTITUTO FEDERAL DE EDUCACAO, CIENCIA;MG;N«üO CONTRIBUINTE;2 - OPERAÄ«O INTERESTADUAL;1 - CONSUMIDOR FINAL;0 - N«O SE APLICA; 4948.54 
35240101559403000138550030001344161759370688;55 - NF-E EMITIDA EM SUBSTITUI«?«üO AO MODELO 1 OU 1A;3;134416;REMESSA EM COMODATO;18/01/2024 13:05;AUTORIZAÄ«O DE USO;18/01/2024 13:06;1559403000138;BIO 2 IMP. E COM DE MAT. MED. HOSP. LTDA;148787084119;SP;SAO PAULO;394429010688;COMANDO DA AERONAUTICA;SP;N«üO CONTRIBUINTE;1 - OPERAÄ«O INTERNA;1 - CONSUMIDOR FINAL;9 - OPERAÄ«O N«O PRESENCIAL, OUTROS; 10077.0 
43240103746938001387550040001482911451453628;55 - NF-E EMITIDA EM SUBSTITUI«?«üO AO MODELO 1 OU 1A;4;148291;OUTRAS SAIDAS;04/01/2024 16:46;AUTORIZAÄ«O DE USO;04/01/2024 16:46;3746938001387;BRS SUPRIMENTOS CORPORATIVOS S/A;1240336230;RS;SAO LEOPOLDO;10764307001356;INSTITUTO FED. DE EDU. CIENCIA E TEC. DA BAHIA;BA;CONTRIBUINTE ISENTO;2 - OPERAÄ«O INTERESTADUAL;1 - CONSUMIDOR FINAL;9 - OPERAÄ«O N«O PRESENCIAL, OUTROS; 2154.05 
33240111637221000191550010000271611968108323;55 - NF-E EMITIDA EM SUBSTITUI«?«üO AO MODELO 1 OU 1A;1;27161;BONIFICACAO;30/01/2024 08:56;AUTORIZAÄ«O DE USO;30/01/2024 08:57;11637221000191;PROMOVENDO COM. E REPRES. DE MATERIAL HOSP. LTDA;78995734;RJ;RIO DE JANEIRO;394429006575;HOSPITAL CENTRAL DA AERONAUTICA;RJ;N«üO CONTRIBUINTE;1 - OPERAÄ«O INTERNA;1 - CONSUMIDOR FINAL;1 - OPERAÄ«O PRESENCIAL; 88.22 
25240108761132000148558929001807301681639327;55 - NF-E EMITIDA EM SUBSTITUI«?«üO AO MODELO 1 OU 1A;892;900180730;VENDA;08/01/2024 11:34;AUTORIZAÄ«O DE USO;08/01/2024 11:34;***.128.604-**;CELINA COSTA DE SOUZA;-00001;PB;SAO BENTO;5526783000408;MINISTERIO DO DESENVOLVIMENTO SOCIAL, FAMILIA E COMBATE A FO;DF;N«üO CONTRIBUINTE;2 - OPERAÄ«O INTERESTADUAL;1 - CONSUMIDOR FINAL;0 - N«O SE APLICA; 1733.28 
21240103526252000147558902430102691512381960;55 - NF-E EMITIDA EM SUBSTITUI«?«üO AO MODELO 1 OU 1A;890;243010269;DA DE PRODUCAO DO ESTABELECIMENTO;24/01/2024 09:58;AUTORIZAÄ«O DE USO;24/01/2024 08:56;***.654.363-**;MARINILDE BELFORT MATOS;-00001;MA;SAO LUIS;5526783000165;MINISTERIO DO DESENVOLVIMENTO E ASSISTENCIA SOCIAL, FAMILIA;AM;N«üO CONTRIBUINTE;2 - OPERAÄ«O INTERESTADUAL;1 - CONSUMIDOR FINAL;0 - N«O SE APLICA; 3498.2 
35240149287841000110550010000011321004038030;55 - NF-E EMITIDA EM SUBSTITUI«?«üO AO MODELO 1 OU 1A;1;1132;Venda;02/01/2024 05:49;AUTORIZAÄ«O DE USO;02/01/2024 06:34;49287841000110;HS-CPQ TECNOLOGIA LTDA;122949078110;SP;CAMPINAS;5055128000176;UNIVERSIDADE FEDERAL DE CAMPINA GRANDE;PB;N«üO CONTRIBUINTE;2 - OPERAÄ«O INTERESTADUAL;1 - CONSUMIDOR FINAL;0 - N«O SE APLICA; 1842.0 
53240109255999000194550010000000781887290010;55 - NF-E EMITIDA EM SUBSTITUI«?«üO AO MODELO 1 OU 1A;1;78;Venda;18/01/2024 14:27;AUTORIZAÄ«O DE USO;18/01/2024 14:27;9255999000194;HPL CONSTRUCAO, SEGURANCA E SERVICOS EIRELI;798750700136;DF;BRASILIA;2313673000208;1441 - AGENCIA NAC DO PETROLEO GAS NAT E;RJ;N«üO CONTRIBUINTE;1 - OPERAÄ«O INTERNA;0 - NORMAL;1 - OPERAÄ«O PRESENCIAL; 20200.0 
52240151607431000151550010000001151860625614;55 - NF-E EMITIDA EM SUBSTITUI«?«üO AO MODELO 1 OU 1A;1;115;Venda Fora do Estado;10/01/2024 12:36;AUTORIZAÄ«O DE USO;10/01/2024 12:36;51607431000151;F & K BRASIL LTDA;200619381;GO;GOIANIA;10626896000687;INSTITUTO FEDERAL DE EDUCA«?«üO - CAMPUS SJE;MG;CONTRIBUINTE ICMS;2 - OPERAÄ«O INTERESTADUAL;1 - CONSUMIDOR FINAL;2 - OPERACAÄ«O N«O PRESENCIAL, PELA INTERNET; 5441.64 
43240104004419000172550000000468521472674279;55 - NF-E EMITIDA EM SUBSTITUI«?«üO AO MODELO 1 OU 1A;0;46852;VENDA DE MERCADORIAS;29/01/2024 11:19;AUTORIZAÄ«O DE USO;29/01/2024 12:43;4004419000172;RE SOL COMERCIO DE FRUTAS E LEGUMES LTDA;963198726;RS;PORTO ALEGRE;9603878000196;COLEGIO MILITAR DE PORTO ALEGRE;RS;N«üO CONTRIBUINTE;1 - OPERAÄ«O INTERNA;1 - CONSUMIDOR FINAL;0 - N«O SE APLICA; 191.48 
41240129614830000190550010000078741140340810;55 - NF-E EMITIDA EM SUBSTITUI«?«üO AO MODELO 1 OU 1A;1;7874;REMESSA EM BONIFICACAO DOACAO OU BRINDE;04/01/2024 17:17;AUTORIZAÄ«O DE USO;04/01/2024 17:17;29614830000190;MEDITON FARMACEUTICA LTDA ME;9077196770;PR;PATO BRANCO;394502034200;COMANDO DA MARINHA;RJ;N«üO CONTRIBUINTE;2 - OPERAÄ«O INTERESTADUAL;1 - CONSUMIDOR FINAL;0 - N«O SE APLICA; 30.0 
41240147776164000179550010000002911000051442;55 - NF-E EMITIDA EM SUBSTITUI«?«üO AO MODELO 1 OU 1A;1;291;VENDA INTEREST. DESTINADA A NAO CONTRIBUINTE;19/01/2024 00:00;AUTORIZAÄ«O DE USO;19/01/2024 10:52;47776164000179;WOLVES GROUP AND COLI INK BUSINESS LTDA;9096314830;PR;MARINGA;10271737000100;12 REGIMENTO DE CAVALARIA MECANIZADO;RS;CONTRIBUINTE ISENTO;2 - OPERAÄ«O INTERESTADUAL;1 - CONSUMIDOR FINAL;0 - N«O SE APLICA; 760.0 
53240123651234000102550010000108491171690576;55 - NF-E EMITIDA EM SUBSTITUI«?«üO AO MODELO 1 OU 1A;1;10849;Remessa de mercadoria em consignacao mercantil ou industrial;03/01/2024 15:07;AUTORIZAÄ«O DE USO;03/01/2024 15:07;23651234000102;ARTE IMPLANTES MATERIAIS CIRURGICOS LTDA;153595339115;SP;SAO PAULO;10360293000252;HOSPITAL MILITAR DE AREA DE PORTO ALEGRE;RS;N«üO CONTRIBUINTE;2 - OPERAÄ«O INTERESTADUAL;1 - CONSUMIDOR FINAL;9 - OPERAÄ«O N«O PRESENCIAL, OUTROS; 27170.0 
52240147341740000155550010000010801662721631;55 - NF-E EMITIDA EM SUBSTITUI«?«üO AO MODELO 1 OU 1A;1;1080;6108-VENDA PARA CONSUMIDOR FINAL (FORA DO ESTADO);18/01/2024 15:08;AUTORIZAÄ«O DE USO;18/01/2024 15:12;47341740000155;3MARIAS DISTRIBUICAO E SERVICOS LTDA;109530985;GO;GOIANIA;394494014439;PENITENCIARIA FEDERAL EM PORTO VELHO RO;RO;N«üO CONTRIBUINTE;2 - OPERAÄ«O INTERESTADUAL;1 - CONSUMIDOR FINAL;0 - N«O SE APLICA; 960.0 
50240111319557000378550010001138751342870272;55 - NF-E EMITIDA EM SUBSTITUI«?«üO AO MODELO 1 OU 1A;1;113875;VENDA DE MERC ADQUIRIDA DE TERCEIROS;23/01/2024 11:29;AUTORIZAÄ«O DE USO;23/01/2024 10:29;11319557000378;DENTECK LTDA - FILIAL03 MS;284069817;MS;MUNDO NOVO;10727655000209;IFMG/SALINAS MG - INSTITUTO FEDERAL DO NORTE DE MG;MG;CONTRIBUINTE ICMS;2 - OPERAÄ«O INTERESTADUAL;1 - CONSUMIDOR FINAL;9 - OPERAÄ«O N«O PRESENCIAL, OUTROS; 25400.0 
35240134028316923228550010003662951402138670;55 - NF-E EMITIDA EM SUBSTITUI«?«üO AO MODELO 1 OU 1A;1;366295;RETORNO DE MATERIAL DEPOSITADO EM ARMAZEM GERAL;16/01/2024 15:08;AUTORIZAÄ«O DE USO;16/01/2024 16:02;34028316923228;EMPRES BRASILEIRA DE CORREIOS E TELEGRAFOS;112388853119;SP;CAJAMAR;378257000181;FUNDO NACIONAL DE DESENVOLVIMENTO DA EDUCACAO;DF;N«üO CONTRIBUINTE;2 - OPERAÄ«O INTERESTADUAL;1 - CONSUMIDOR FINAL;0 - N«O SE APLICA; 131.78 
51240129111673000109550020000141631362205850;55 - NF-E EMITIDA EM SUBSTITUI«?«üO AO MODELO 1 OU 1A;2;14163;5656 Venda de combustivel ou lubrificante, adquiridos ou re;26/01/2024 10:42;AUTORIZAÄ«O DE USO;26/01/2024 10:42;29111673000109;DUME COMBUSTIVEIS BARRA DO GARCAS LTDA;137367414;MT;BARRA DO GARCAS;394429004017;COMANDO DA AERON&AACUTE;;;1 - OPERAÄ«O INTERNA;;;
51240119967950000118550010001417291227856484;55 - NF-E EMITIDA EM SUBSTITUI«?«üO AO MODELO 1 OU 1A;1;141729;5656 Venda de combustivel ou lubrificante, adquiridos ou re;03/01/2024 12:05;AUTORIZAÄ«O DE USO;03/01/2024 12:05;19967950000118;L. LUCIA KUHN E CIA LTDA EPP;135428165;MT;QUERENCIA;394544004504;MINISTERIO DA SAUDE;MT;N«üO CONTRIBUINTE;1 - OPERAÄ«O INTERNA;1 - CONSUMIDOR FINAL;1 - OPERAÄ«O PRESENCIAL; 281.85 
13240122761584019250550010000219531214111438;55 - NF-E EMITIDA EM SUBSTITUI«?«üO AO MODELO 1 OU 1A;1;21953;198 - Venda de Mercadoria;10/01/2024 15:07;AUTORIZAÄ«O DE USO;10/01/2024 15:07;22761584019250;FORTBRAS AUTOPECAS S.A.;54537240;AM;MANAUS;394494000560;SECRETARIA DE GESTAO E ENSINO EM SEGURANCA PUBLICA;DF;N«üO CONTRIBUINTE;1 - OPERAÄ«O INTERNA;1 - CONSUMIDOR FINAL;1 - OPERAÄ«O PRESENCIAL; 1746.39 
50240129412918000120550010000132521651818922;55 - NF-E EMITIDA EM SUBSTITUI«?«üO AO MODELO 1 OU 1A;1;13252;VENDA DE MERC. ADQUIRIDA OU RECEBIDA DE TERCEIROS;30/01/2024 16:01;AUTORIZAÄ«O DE USO;30/01/2024 16:01;29412918000120;MALTACARE DISTRIBUIDORA LTDA;284271527;MS;CAMPO GRANDE;9539711000294;HOSPITAL MILITAR DE AREA DE CAMPO GRANDE;MS;N«üO CONTRIBUINTE;1 - OPERAÄ«O INTERNA;1 - CONSUMIDOR FINAL;3 - OPERAÄ«O N«O PRESENCIAL, TELEATENDIMENTO; 122202.6 
41240133609404000136550010000001611332303229;55 - NF-E EMITIDA EM SUBSTITUI«?«üO AO MODELO 1 OU 1A;1;161;Venda;15/01/2024 09:42;AUTORIZAÄ«O DE USO;15/01/2024 09:52;33609404000136;MM DISTRIBUIDORA DE PRODUTOS E EQUIPAMENTOS LTDA;9087219507;PR;CURITIBA;75095679000149;UNIVERSIDADE FEDERAL DO PARAN«Å;PR;N«üO CONTRIBUINTE;1 - OPERAÄ«O INTERNA;1 - CONSUMIDOR FINAL;9 - OPERAÄ«O N«O PRESENCIAL, OUTROS; 7486.5 
33240124875483000136550010000615131690293359;55 - NF-E EMITIDA EM SUBSTITUI«?«üO AO MODELO 1 OU 1A;1;61513;VENDA DENTRO DO ESTADO;26/01/2024 13:23;AUTORIZAÄ«O DE USO;26/01/2024 13:24;24875483000136;ESSENCIAL RIO DISTRIB. DE PROD. MEDICOS E HOSPITALARES LTDA;87152596;RJ;NOVA IGUACU;9609235000230;HOSPITAL CENTRAL DO EXERCITO;RJ;N«üO CONTRIBUINTE;1 - OPERAÄ«O INTERNA;1 - CONSUMIDOR FINAL;0 - N«O SE APLICA; 9600.0 
35240103772785001423551000002652261958305580;55 - NF-E EMITIDA EM SUBSTITUI«?«üO AO MODELO 1 OU 1A;100;265226;RECEBIMENTO DE PECAS EM GARANTIA;18/01/2024 16:34;AUTORIZAÄ«O DE USO;18/01/2024 16:34;3772785001423;DAHRUJ MOTORS LTDA;244707964117;SP;CAMPINAS;394494004042;MINIST«?RIO DA JUSTI«?A;SP;N«üO CONTRIBUINTE;1 - OPERAÄ«O INTERNA;1 - CONSUMIDOR FINAL;1 - OPERAÄ«O PRESENCIAL; 45.84 
33240107556125000141550010000010271001370079;55 - NF-E EMITIDA EM SUBSTITUI«?«üO AO MODELO 1 OU 1A;1;1027;5102;24/01/2024 14:08;AUTORIZAÄ«O DE USO;24/01/2024 14:14;7556125000141;F C SILVA COMERCIO DE INFORMATICA;77969845;RJ;VOLTA REDONDA;394502054589;COMANDO DA MARINHA;RJ;N«üO CONTRIBUINTE;1 - OPERAÄ«O INTERNA;1 - CONSUMIDOR FINAL;0 - N«O SE APLICA; 528.0 
33240103605534000130550000001298321747470850;55 - NF-E EMITIDA EM SUBSTITUI«?«üO AO MODELO 1 OU 1A;0;129832;Outra entrada de mercadoria ou prestacao de servico nao espe;23/01/2024 16:08;AUTORIZAÄ«O DE USO;23/01/2024 16:08;3605534000130;AVFARMA ASSIST. SERV. FARMACEUTICOS LTDA;77899618;RJ;RIO DE JANEIRO;34023077000280;HOSPITAL UNIVERSITARIO GAFFREE E GUINLE;RJ;CONTRIBUINTE ISENTO;1 - OPERAÄ«O INTERNA;0 - NORMAL;0 - N«O SE APLICA; 14288.91 
53240150506565000113550010000000191368001919;55 - NF-E EMITIDA EM SUBSTITUI«?«üO AO MODELO 1 OU 1A;1;19;VENDA;29/01/2024 15:16;AUTORIZAÄ«O DE USO;30/01/2024 15:17;50506565000113;OGATTI IMPORTS LTDA;821588200151;DF;BRASILIA;9585272000175;2 REGIMENTO DE CAVALARIA DE GUARDAS;RJ;N«üO CONTRIBUINTE;2 - OPERAÄ«O INTERESTADUAL;1 - CONSUMIDOR FINAL;2 - OPERACAÄ«O N«O PRESENCIAL, PELA INTERNET; 10799.6 
35240151566738000151550010000000831685520093;55 - NF-E EMITIDA EM SUBSTITUI«?«üO AO MODELO 1 OU 1A;1;83;Venda de mercadoria a nao contribuinte;22/01/2024 15:57;AUTORIZAÄ«O DE USO;22/01/2024 15:57;51566738000151;GS MIRANDA LTDA;135622310116;SP;CAMPINAS;21040001000130;UNIVERSIDADE FEDERAL DE ITAJUBA;MG;N«üO CONTRIBUINTE;2 - OPERAÄ«O INTERESTADUAL;1 - CONSUMIDOR FINAL;9 - OPERAÄ«O N«O PRESENCIAL, OUTROS; 1172.16 
35240147334422000167550010000000921112105297;55 - NF-E EMITIDA EM SUBSTITUI«?«üO AO MODELO 1 OU 1A;1;92;Venda Fora do Estado;21/01/2024 00:49;AUTORIZAÄ«O DE USO;21/01/2024 00:50;47334422000167;DANIEL ROSA LOPES 25949024893;136559550112;SP;SAO PAULO;24098477000110;UNIVERSIDADE FEDERAL DA PARAIBA UFPB;PB;N«üO CONTRIBUINTE;2 - OPERAÄ«O INTERESTADUAL;1 - CONSUMIDOR FINAL;2 - OPERACAÄ«O N«O PRESENCIAL, PELA INTERNET; 393.9 
43240110245418000112550010000045771437361850;55 - NF-E EMITIDA EM SUBSTITUI«?«üO AO MODELO 1 OU 1A;1;4577;VENDA DE MERCADORIAS INTER ESTADUAL - 6.102;26/01/2024 10:25;AUTORIZAÄ«O DE USO;26/01/2024 10:28;10245418000112;TMPRO COMERCIO DE ELETRO ELETRONICOS LTDA - MATRIZ;963814206;RS;PORTO ALEGRE;5055128000176;UNIVERSIDADE FEDERAL DE CAMPINA GRANDE;PB;N«üO CONTRIBUINTE;2 - OPERAÄ«O INTERESTADUAL;1 - CONSUMIDOR FINAL;2 - OPERACAÄ«O N«O PRESENCIAL, PELA INTERNET; 82265.75 
51240126588921000100550020000575441192309162;55 - NF-E EMITIDA EM SUBSTITUI«?«üO AO MODELO 1 OU 1A;2;57544;VENDA;19/01/2024 23:09;AUTORIZAÄ«O DE USO;19/01/2024 22:09;26588921000100;FARIAS SANTOS E FARIA ZAMPA LTDA;131274287;MT;BARRA DO GARCAS;394544005063;MINISTERIO DA SAUDE;MT;N«üO CONTRIBUINTE;1 - OPERAÄ«O INTERNA;1 - CONSUMIDOR FINAL;1 - OPERAÄ«O PRESENCIAL; 168.0 
31240114707364000110550010000604621344853230;55 - NF-E EMITIDA EM SUBSTITUI«?«üO AO MODELO 1 OU 1A;1;60462;VENDA IND CONTA/ORD;17/01/2024 12:10;AUTORIZAÄ«O DE USO;17/01/2024 12:20;14707364000110;XCMG BRASIL INDUSTRIA LTDA;18814650080;MG;POUSO ALEGRE;43711000143;DEPT.NACIONAL DE OBRAS C SECAS;CE;N«üO CONTRIBUINTE;2 - OPERAÄ«O INTERESTADUAL;1 - CONSUMIDOR FINAL;9 - OPERAÄ«O N«O PRESENCIAL, OUTROS; 330000.0 
23240122808990000121550010000050761000066380;55 - NF-E EMITIDA EM SUBSTITUI«?«üO AO MODELO 1 OU 1A;1;5076;Venda de mercadoria adquirida ou recebida de terceiros em op;15/01/2024 11:57;AUTORIZAÄ«O DE USO;15/01/2024 11:57;22808990000121;B2G MEDICAL COMERCIO DE PRODUTOS MEDICOS E CIRURGICOS LTDA;64598136;CE;FORTALEZA;10764307000112;INSTITUTO FEDERAL DE EDUCACAO, CIENCIA E TECNOLOGIA DA BAHIA;BA;N«üO CONTRIBUINTE;2 - OPERAÄ«O INTERESTADUAL;1 - CONSUMIDOR FINAL;0 - N«O SE APLICA; 361.0 
23240134274233013344550000000816521563567487;55 - NF-E EMITIDA EM SUBSTITUI«?«üO AO MODELO 1 OU 1A;0;81652;Vda Cmb/Lub.cons/usu.final estab.outra UF;31/01/2024 10:52;AUTORIZAÄ«O DE USO;31/01/2024 10:52;34274233013344;VIBRA ENERGIA S.A;68030703;CE;FORTALEZA;394429000100;COMANDO DA AERONAUTICA;DF;N«üO CONTRIBUINTE;1 - OPERAÄ«O INTERNA;1 - CONSUMIDOR FINAL;1 - OPERAÄ«O PRESENCIAL; 2206.11 
41240178796778000146550010000033861063270258;55 - NF-E EMITIDA EM SUBSTITUI«?«üO AO MODELO 1 OU 1A;1;3386;VENDA;09/01/2024 13:28;AUTORIZAÄ«O DE USO;09/01/2024 13:28;78796778000146;G DE BORBA - MARISKAP;1016202980;PR;CURITIBA;394429005927;COMANDO DA AERONAUTICA;DF;N«üO CONTRIBUINTE;2 - OPERAÄ«O INTERESTADUAL;1 - CONSUMIDOR FINAL;0 - N«O SE APLICA; 3384.58 
35240131722206000159550010000025731541527270;55 - NF-E EMITIDA EM SUBSTITUI«?«üO AO MODELO 1 OU 1A;1;2573;Venda;31/01/2024 10:59;AUTORIZAÄ«O DE USO;31/01/2024 11:01;31722206000159;IVANETE APARECIDA MIRANDA;581124916116;SP;RIBEIRAO PIRES;10673078000120;INSTITUTO FEDERAL DE EDUCACAO, CIENCIA E TECNOLOGIA- IFMS;MS;N«üO CONTRIBUINTE;2 - OPERAÄ«O INTERESTADUAL;1 - CONSUMIDOR FINAL;9 - OPERAÄ«O N«O PRESENCIAL, OUTROS; 189.0 
31240133180160000119550010000047911648600560;55 - NF-E EMITIDA EM SUBSTITUI«?«üO AO MODELO 1 OU 1A;1;4791;Venda a prazo;23/01/2024 09:19;AUTORIZAÄ«O DE USO;23/01/2024 09:19;33180160000119;JP COMERCIO DE PRODUTOS ALIMENTICIOS E SERVICOS EIRELI;34110590060;MG;JUIZ DE FORA;9595886000138;COMANDO DA 4 BRIGADA DE INFANTARIA LEVE MONTANHA;MG;CONTRIBUINTE ISENTO;1 - OPERAÄ«O INTERNA;0 - NORMAL;0 - N«O SE APLICA; 1178.0 
33240133702028000804550020001595111917230552;55 - NF-E EMITIDA EM SUBSTITUI«?«üO AO MODELO 1 OU 1A;2;159511;RETORNO DE MERCADORIA P/ CONSERTO;11/01/2024 16:34;AUTORIZAÄ«O DE USO;11/01/2024 16:34;33702028000804;SIMCAUTO MECANICA E REPRESENTACOES LTDA;77511032;RJ;RIO DE JANEIRO;394494000560;SECRETARIA DE GESTAO E ENSINO EM SEGURANCA PUBLICA;DF;N«üO CONTRIBUINTE;2 - OPERAÄ«O INTERESTADUAL;1 - CONSUMIDOR FINAL;9 - OPERAÄ«O N«O PRESENCIAL, OUTROS; 55000.0 
41240105360051000148550010000010821576569133;55 - NF-E EMITIDA EM SUBSTITUI«?«üO AO MODELO 1 OU 1A;1;1082;Remessa;17/01/2024 10:54;AUTORIZAÄ«O DE USO;17/01/2024 10:54;5360051000148;TERRA SUL EDITORA LTDA;9045325501;PR;CURITIBA;378257000181;FUNDO NACIONAL DE DESENVOLVIMENTO DA EDUCACAO;DF;N«üO CONTRIBUINTE;2 - OPERAÄ«O INTERESTADUAL;1 - CONSUMIDOR FINAL;9 - OPERAÄ«O N«O PRESENCIAL, OUTROS; 994.2 
35240134028316923228550010003658491151444798;55 - NF-E EMITIDA EM SUBSTITUI«?«üO AO MODELO 1 OU 1A;1;365849;RETORNO DE MATERIAL DEPOSITADO EM ARMAZEM GERAL;16/01/2024 12:36;AUTORIZAÄ«O DE USO;16/01/2024 12:39;34028316923228;EMPRES BRASILEIRA DE CORREIOS E TELEGRAFOS;112388853119;SP;CAJAMAR;378257000181;FUNDO NACIONAL DE DESENVOLVIMENTO DA EDUCACAO;DF;N«üO CONTRIBUINTE;2 - OPERAÄ«O INTERESTADUAL;1 - CONSUMIDOR FINAL;0 - N«O SE APLICA; 134.65 
35240134028316923228550010003649081807897660;55 - NF-E EMITIDA EM SUBSTITUI«?«üO AO MODELO 1 OU 1A;1;364908;RETORNO DE MATERIAL DEPOSITADO EM ARMAZEM GERAL;12/01/2024 15:34;AUTORIZAÄ«O DE USO;12/01/2024 16:45;34028316923228;EMPRES BRASILEIRA DE CORREIOS E TELEGRAFOS;112388853119;SP;CAJAMAR;378257000181;FUNDO NACIONAL DE DESENVOLVIMENTO DA EDUCACAO;DF;N«üO CONTRIBUINTE;2 - OPERAÄ«O INTERESTADUAL;1 - CONSUMIDOR FINAL;0 - N«O SE APLICA; 139.35 
31240105731550000102550010000804471321562308;55 - NF-E EMITIDA EM SUBSTITUI«?«üO AO MODELO 1 OU 1A;1;80447;Remessa Mercad.Como S. Remessa Ref.a Faturamento de Venda;23/01/2024 09:48;AUTORIZAÄ«O DE USO;23/01/2024 09:49;5731550000102;WEBMED SOLUCOES EM SAUDE LTDA;3672418940021;MG;JUIZ DE FORA;3568867000136;HOSPITAL DAS FORCAS ARMADAS;DF;N«üO CONTRIBUINTE;2 - OPERAÄ«O INTERESTADUAL;1 - CONSUMIDOR FINAL;9 - OPERAÄ«O N«O PRESENCIAL, OUTROS; 16288.26 
35240161186490000157551000000169671147626930;55 - NF-E EMITIDA EM SUBSTITUI«?«üO AO MODELO 1 OU 1A;100;16967;REMESSA - ENTREGA FUTURA;24/01/2024 15:05;AUTORIZAÄ«O DE USO;24/01/2024 15:05;61186490000157;EDITORA FTD S.A.;104639530113;SP;SAO PAULO;378257000181;FUNDO NACIONAL DE DESENVOLVIMENTO DA EDUCACAO;DF;N«üO CONTRIBUINTE;2 - OPERAÄ«O INTERESTADUAL;1 - CONSUMIDOR FINAL;9 - OPERAÄ«O N«O PRESENCIAL, OUTROS; 285773.95 
33240113798478000150550010000038591008060001;55 - NF-E EMITIDA EM SUBSTITUI«?«üO AO MODELO 1 OU 1A;1;3859;VENDA;30/01/2024 13:18;AUTORIZAÄ«O DE USO;30/01/2024 13:26;13798478000150;VENTURA COMERCIO E SERVICOS DE AUTO LTDA;79457388;RJ;NOVA IGUACU;394502010700;BATALHAO NAVAL;RJ;N«üO CONTRIBUINTE;1 - OPERAÄ«O INTERNA;1 - CONSUMIDOR FINAL;0 - N«O SE APLICA; 1203.34 
11240110473085000189550040000383291767672359;55 - NF-E EMITIDA EM SUBSTITUI«?«üO AO MODELO 1 OU 1A;4;38329;Venda combust. lub Adq. Terceiros;29/01/2024 08:01;AUTORIZAÄ«O DE USO;29/01/2024 08:01;10473085000189;POSTO DE COMBUSTIVEL BECHI LTDA;1747321;RO;CACOAL;33787094003165;FUNDACAO INSTIT BRAS DE GEOGRAFIA E ESTATISTICA IBGE;RO;CONTRIBUINTE ISENTO;1 - OPERAÄ«O INTERNA;1 - CONSUMIDOR FINAL;1 - OPERAÄ«O PRESENCIAL; 400.63 
33240105057706000103550010000194861582785174;55 - NF-E EMITIDA EM SUBSTITUI«?«üO AO MODELO 1 OU 1A;1;19486;VENDA DE MERCADORIA;18/01/2024 14:45;AUTORIZAÄ«O DE USO;18/01/2024 14:45;5057706000103;RIOMAR 2001 DISTRIBUIDORA DE ALIMENTOS E DESCARTAVEIS LTDA;77387250;RJ;RIO DE JANEIRO;394502000144;COMANDO DA MARINHA;DF;N«üO CONTRIBUINTE;1 - OPERAÄ«O INTERNA;1 - CONSUMIDOR FINAL;0 - N«O SE APLICA; 4829.0 
35240101139242000123550010001250251004442333;55 - NF-E EMITIDA EM SUBSTITUI«?«üO AO MODELO 1 OU 1A;1;125025;VENDAS DE PRODUCAO DO ESTAB;05/01/2024 00:00;AUTORIZAÄ«O DE USO;05/01/2024 11:45;1139242000123;JOSE BAUER DE ATAYDE & CIA LTDA;760001231110;SP;SANTO ANTONIO DO ARACANGUA;29979036116017;SUPERINTENDENCIA REGIONAL SUDESTE I;SP;N«üO CONTRIBUINTE;1 - OPERAÄ«O INTERNA;1 - CONSUMIDOR FINAL;0 - N«O SE APLICA; 1446.4 
43240142152392000154550000000007261000018147;55 - NF-E EMITIDA EM SUBSTITUI«?«üO AO MODELO 1 OU 1A;0;726;Venda de mercadoria adq de terceiros, em venda a ordem;19/01/2024 15:42;AUTORIZAÄ«O DE USO;19/01/2024 15:42;42152392000154;C K COMERCIO DE FERRAGENS LTDA;390190012;RS;ERECHIM;75101873000432;UTFPR CAMPUS PATO BRANCO;PR;N«üO CONTRIBUINTE;2 - OPERAÄ«O INTERESTADUAL;1 - CONSUMIDOR FINAL;1 - OPERAÄ«O PRESENCIAL; 6750.0 
41240130102251000148550010000004791505616440;55 - NF-E EMITIDA EM SUBSTITUI«?«üO AO MODELO 1 OU 1A;1;479;VENDA DE MERCADORIA ADQUIRIDA OU RECEBIDA DE TERCEIROS;22/01/2024 11:05;AUTORIZAÄ«O DE USO;22/01/2024 11:05;30102251000148;WIDETECH AUTOMACAO LTDA;9078997998;PR;ARAUCARIA;10695891000100;INSTITUTO FEDERAL DE EDUCACAO CIENCIA E TECNOLOGIA DO TRIANG;MG;N«üO CONTRIBUINTE;2 - OPERAÄ«O INTERESTADUAL;1 - CONSUMIDOR FINAL;1 - OPERAÄ«O PRESENCIAL; 700.0 
35240162136304003820550010000683001779765870;55 - NF-E EMITIDA EM SUBSTITUI«?«üO AO MODELO 1 OU 1A;1;68300;REMESSA CONTA E ORDEM DE TERCEIROS;11/01/2024 15:56;AUTORIZAÄ«O DE USO;11/01/2024 15:57;62136304003820;EDITORA MODERNA LTDA.;796239274118;SP;GUARULHOS;378257000181;FUNDO NACIONAL DE DESENVOLVIMENTO DA EDUCACAO;DF;N«üO CONTRIBUINTE;2 - OPERAÄ«O INTERESTADUAL;1 - CONSUMIDOR FINAL;0 - N«O SE APLICA; 1126.88 
31240123886799000160550010000006741816080000;55 - NF-E EMITIDA EM SUBSTITUI«?«üO AO MODELO 1 OU 1A;1;674;Remessa para industrializacao;10/01/2024 08:27;AUTORIZAÄ«O DE USO;10/01/2024 08:28;23886799000160;PENTAGGONO INDUSTRIAL EXPORTADORA LTDA;625685280091;MG;BELO HORIZONTE;402552001289;CENTRO DE DESENVOLVIMENTO DA TECNOLOGIA NUCLEAR;MG;CONTRIBUINTE ICMS;1 - OPERAÄ«O INTERNA;0 - NORMAL;0 - N«O SE APLICA; 16200.0 
25240126044732000177550010000007761667380661;55 - NF-E EMITIDA EM SUBSTITUI«?«üO AO MODELO 1 OU 1A;1;776;VENDA DE MERCADORIA ADQUIRIDA OU RECEBIDA DE TERCEIROS;09/01/2024 10:16;AUTORIZAÄ«O DE USO;09/01/2024 10:20;26044732000177;MATHEUS MED COMERCIO DE ARTIGOS MEDICOS LTDA;162790775;PB;JOAO PESSOA;3568867000136;HOSPITAL DAS FORCAS ARMADAS;DF;N«üO CONTRIBUINTE;2 - OPERAÄ«O INTERESTADUAL;1 - CONSUMIDOR FINAL;1 - OPERAÄ«O PRESENCIAL; 8000.0 
35240101772798000667550010004019491025873265;55 - NF-E EMITIDA EM SUBSTITUI«?«üO AO MODELO 1 OU 1A;1;401949;VENDA MERC. ADQ. REC. TERC. REM. ANT. CONS. MERC.;09/01/2024 12:40;AUTORIZAÄ«O DE USO;09/01/2024 12:41;1772798000667;MEDTRONIC COMERCIAL LTDA.;492949734117;SP;OSASCO;15180714000520;UNIVERSIDADE FEDERAL DA BAHIA;BA;N«üO CONTRIBUINTE;2 - OPERAÄ«O INTERESTADUAL;1 - CONSUMIDOR FINAL;9 - OPERAÄ«O N«O PRESENCIAL, OUTROS; 6300.0 
35240132366879000186550010000011051200015291;55 - NF-E EMITIDA EM SUBSTITUI«?«üO AO MODELO 1 OU 1A;1;1105;Vendas;15/01/2024 08:00;AUTORIZAÄ«O DE USO;15/01/2024 18:40;32366879000186;EDGAR HERRERA PEREIRA;633837572112;SP;SANTOS;9577973000162;SEGUNDO GRUPO DE ARTILHARIA ANTIAEREA;SP;N«üO CONTRIBUINTE;1 - OPERAÄ«O INTERNA;1 - CONSUMIDOR FINAL;0 - N«O SE APLICA; 1497.6 
35240158309709000153550040001357171266796999;55 - NF-E EMITIDA EM SUBSTITUI«?«üO AO MODELO 1 OU 1A;4;135717;Venda de mercadoria adquirida ou recebida de terceiros;29/01/2024 10:01;AUTORIZAÄ«O DE USO;29/01/2024 10:02;58309709000153;CHEMYUNION LTDA;669166739119;SP;SOROCABA;33781055004980;INSTITUTO DE TECNOLOGIA EM F«ÅRMACOS;RJ;CONTRIBUINTE ICMS;2 - OPERAÄ«O INTERESTADUAL;0 - NORMAL;0 - N«O SE APLICA; 1292418.75 
